20220404,"COVID-19 negative certification required for entering the country. 
<br>
All travellers entering Denmark from outside EU and Schengen must take a test at a test center within 24 hours upon entry. <br>
There are no travel restrictions if you enter from EU or Schengen countries.
","Self-isolation at own accommodation. <br>

There are no travel restrictions if you enter from EU or Schengen countries.
All travellers entering Denmark from outside EU and Schengen must take a test at a test center within 24 hours upon entry. Please note that self-tests are not valid for this purpose.



","Proof of vaccination. Validity:<br>
There are no travel restrictions if you enter from EU or Schengen countries.
","Latest News: Authorities lift COVID-19 entry restrictions for incoming travelers from third countries (Schengen Visa Info, 29.03.2022)
  <br>
  <br>
International Restrictions: <br>
*From within the EU:  [as below]
<br><br>
*Transit: <p><strong>YES</strong></p>
<br><br>
*From Third Countries: <p>There are no COVID-19 related restrictions on entry into Denmark.</p><p></p><p><strong>Learn more:</strong><strong></strong></p><p></p><p><a href=""https://en.coronasmitte.dk/travel-rules/covidtravelrules"" target=""_blank"">Travelling to Denmark</a></p><br/><p>______________________</p><p>You can find the latest information on air travel regulations for this country on the <a href=""https://www.iatatravelcentre.com/international-travel-document-news/1580226297.htm"" target=""_blank"">IATA website</a>.</p><p>You can also find information about <a href=""https://europa.eu/youreurope/citizens/travel/passenger-rights/index_en.htm"" target=""_blank"">your passenger rights</a> on our portal for citizens.</p><p><a href=""https://europa.eu/youreurope/citizens/travel/entry-exit/index_en.htm"">Documents you need to travel in Europe</a><br /><a href=""https://europa.eu/youreurope/citizens/health/unplanned-healthcare/temporary-stays/index_en.htm"">Health cover for temporary stays</a></p>
<br><br>
Internal Restrictions:<br> 
*Travel in Denmark: The Danish Government regularly monitors the risks of COVID-19, and adjusts measures in line with the levels of infection to contain the spread of Coronavirus. <br>
*If you test positive for COVID-19 in Denmark: You should immediately self-isolate and follow the Danish authorities guidance. <br>
â€¢        see the <a href=""https://en.coronasmitte.dk/"">Coronasmitte website</a> for more details.








","<a href=""https://www.gov.uk/foreign-travel-advice/denmark"">Foreign travel advice, Gov.UK</a>/ 
  <a href=""https://dk.usembassy.gov/u-s-citizen-services/security-and-travel-information/covid-19-information/"">US State Dept. COVID-19 Country Specific Information</a>/
  <a href=""https://www.osac.gov/Content/Report/9d48bef5-7259-438c-ba2d-190464f5bc61"">OSAC Travel Advisories</a>/ 
  <a href=""https://reopen.europa.eu/en/map/DNK"">Re-open Europe</a>/
  <a href=""https://politi.dk/en/travel"">Danish Police</a>/"
